month,category,vic_spending_millions,vic_mom_growth_pct,vic_yoy_growth_pct,vic_spending_3m_avg,aus_spending_millions,aus_mom_growth_pct,aus_yoy_growth_pct,aus_spending_3m_avg,vic_vs_aus_yoy_gap,vic_growth_rank,spending_trend_flag,benchmark_flag,spending_signal,market_priority
2026-07-01,Alcoholic beverages and tobacco,543.1,3.487042682926833,-4.786115007012615,542.3000000000001,2784.9,5.841441167528139,3.7438533750558722,2735.7999999999997,-8.529968382068487,9,Decline,Underperforming Australia,Weakening Market Signal,Low Priority
2026-07-01,Clothing and footwear,1144.1,-6.2443661394739,6.695887344959428,1203.2333333333333,4204.1,-5.35995677817297,6.451776264148079,4395.366666666668,0.2441110808113489,4,Strong Growth,In Line with Australia,Strong Market Signal,High Priority
2026-07-01,Food,3047.8,5.296251511487315,6.503127511618989,3008.7666666666664,12568.3,5.193424730912799,6.538102907518861,12367.133333333331,-0.0349753958998722,5,Strong Growth,In Line with Australia,Strong Market Signal,High Priority
2026-07-01,Furnishings and household equipment,1224.2,-6.834094368340937,4.516349355417071,1261.8,5293.4,-5.6653538395737275,5.267972556428346,5404.333333333333,-0.7516232010112756,7,Moderate Growth,In Line with Australia,Positive Market Signal,Medium Priority
2026-07-01,Health,2597.0,3.346730868717418,3.6519656755138685,2554.6666666666665,9891.3,3.974477568010748,4.5735671921088406,9665.8,-0.921601516594972,8,Moderate Growth,In Line with Australia,Positive Market Signal,Medium Priority
2026-07-01,"Hotels, cafes and restaurants",2247.2,8.377140101278012,5.805358067705613,2151.833333333334,11713.1,10.040021043929205,7.267732039012786,11155.533333333333,-1.4623739713071737,6,Strong Growth,Underperforming Australia,Positive Market Signal,Medium Priority
2026-07-01,Miscellaneous goods and services,1703.6,-0.3393003393003524,8.055308892553592,1697.4333333333332,7586.5,0.003954549049600686,8.237862207701419,7519.933333333334,-0.18255331514782647,2,Strong Growth,In Line with Australia,Strong Market Signal,High Priority
2026-07-01,Recreation and culture,3643.9,1.8048221719330515,9.049827921592101,3561.1666666666674,13983.4,3.944160323501422,10.806998637040778,13534.666666666666,-1.7571707154486766,1,Strong Growth,Underperforming Australia,Positive Market Signal,Medium Priority
2026-07-01,Transport,3601.2,-4.182630906768847,7.649538158012725,3586.8333333333335,14592.9,-2.2205396568013236,8.713207631506403,14361.5,-1.063669473493678,3,Strong Growth,Underperforming Australia,Positive Market Signal,Medium Priority
