month,Location_ID,metadata_match_flag,monthly_footfall,avg_hourly_footfall,observation_count,Sensor_Description,Sensor_Name,Latitude,Longitude,Location_Type,Status,weekday_footfall,weekend_footfall,weekend_share_pct,is_partial_month,previous_month_footfall,mom_footfall_growth_pct,footfall_3m_avg,previous_year_footfall,yoy_footfall_growth_pct,expected_hours,coverage_pct,previous_year_coverage_pct,valid_yoy_comparison,validated_yoy_footfall_growth_pct,location_growth_rank,footfall_trend_flag,day_type_orientation,footfall_volume_rank,footfall_volume_flag,location_signal,location_priority
2026-08-01,1,Matched,638583,858.3104838709677,744,Bourke Street Mall (North),Bou292_T,-37.81349441,144.96515323,Outdoor,A,399874,238709,37.38104522043336,False,688726.0,-7.280544077034989,447598.6666666667,760895.0,-16.07475407250672,744,100.0,100.0,True,-16.07475407250672,69,Decline,Balanced,12,High Footfall,Weakening Location Signal,Low Priority
2026-08-01,2,Matched,458341,616.0497311827957,744,Bourke Street Mall (South),Bou283_T,-37.81380668,144.96516718,Outdoor,A,293433,164908,35.979325436738144,False,474118.0,-3.327652609687884,446944.0,508322.0,-9.832547086295694,744,100.0,96.90860215053763,True,-9.832547086295694,60,Decline,Balanced,17,High Footfall,Weakening Location Signal,Low Priority
2026-08-01,3,Matched,922904,1240.462365591398,744,Melbourne Central,Swa295_T,-37.81101524,144.96429485,Outdoor,A,579153,343751,37.246669209365216,False,905105.0,1.9665121726208563,874309.0,910333.0,1.3809232445709427,744,100.0,100.0,True,1.3809232445709427,28,Stable,Balanced,4,Very High Footfall,Stable Location Signal,Monitor
2026-08-01,4,Matched,1099700,1478.0913978494625,744,Town Hall (West),Swa123_T,-37.81487988,144.9660878,Outdoor,A,692690,407010,37.011003000818405,False,1094725.0,0.45445203133206974,1017630.6666666666,1167082.0,-5.773544618115951,744,100.0,100.0,True,-5.773544618115951,44,Decline,Balanced,1,Very High Footfall,Weakening Location Signal,Low Priority
2026-08-01,5,Matched,789364,1060.97311827957,744,Princes Bridge,PriNW_T,-37.81874249,144.96787656,Outdoor,A,476512,312852,39.633426404041735,False,748600.0,5.445364680737376,729729.0,841062.0,-6.146752558075386,744,100.0,99.73118279569893,True,-6.146752558075386,45,Decline,Balanced,6,Very High Footfall,Weakening Location Signal,Low Priority
2026-08-01,6,Matched,265017,359.1016260162602,738,Flinders Underpass - Myki Barriers,FliS_T,-37.81907439,144.96557866,Outdoor,A,205501,59516,22.45742725938336,False,267038.0,-0.7568211265812357,262600.6666666667,280856.0,-5.639544820121343,744,99.19354838709677,98.79032258064517,True,-5.639544820121343,43,Decline,Weekday-Oriented,38,Medium Footfall,Weakening Location Signal,Low Priority
2026-08-01,9,Matched,379078,510.1991924629879,743,Southern Cross Station,Col700_T,-37.81982992,144.95102555,Outdoor,A,353427,25651,6.766681263486671,False,401186.0,-5.510660890459787,378220.3333333333,385970.0,-1.7856310075912634,744,99.86559139784946,99.46236559139786,True,-1.7856310075912634,38,Stable,Weekday-Oriented,24,Medium Footfall,Stable Location Signal,Monitor
2026-08-01,10,Matched,61219,85.02638888888889,720,Victoria Point,BouHbr_T,-37.81876474,144.94710545,Outdoor,A,45682,15537,25.379375684019667,False,77837.0,-21.34974369515783,66467.66666666667,66169.0,-7.480844504224033,744,96.7741935483871,96.23655913978494,True,-7.480844504224033,53,Decline,Weekday-Oriented,68,Lower Footfall,Weakening Location Signal,Low Priority
2026-08-01,11,Matched,81530,113.39360222531292,719,Docklands Waterfront City Building Side,WatCit_T,-37.81566651,144.93974366,Outdoor,A,44818,36712,45.02882374586042,False,89530.0,-8.935552328828326,80092.0,76271.0,6.895150188144903,744,96.63978494623656,94.89247311827957,True,6.895150188144903,15,Moderate Growth,Weekend-Oriented,64,Lower Footfall,Positive Location Signal,Medium Priority
2026-08-01,17,Matched,301666,406.0107671601615,743,Collins Place (South),Col15_T,-37.81362543,144.97323591,Outdoor,A,253195,48471,16.067770315514508,False,307276.0,-1.8257201994298287,297714.0,271094.0,11.277269139117797,744,99.86559139784946,100.0,True,11.277269139117797,8,Strong Growth,Weekday-Oriented,35,Medium Footfall,Positive Location Signal,Medium Priority
2026-08-01,19,Matched,376090,510.2985074626866,737,Chinatown-Swanston St (North),LtB210_T,-37.81237202,144.96550671,Outdoor,A,225039,151051,40.16352468823952,False,410095.0,-8.291981126324387,382574.0,403813.0,-6.8653064661117895,744,99.05913978494624,99.86559139784946,True,-6.8653064661117895,51,Decline,Weekend-Oriented,26,Medium Footfall,Weakening Location Signal,Low Priority
2026-08-01,20,Matched,265795,361.1345108695652,736,Chinatown-Lt Bourke St (South),LtB170_T,-37.81172914,144.9682466,Outdoor,A,146151,119644,45.01363833029215,False,257942.0,3.0444828682416976,252023.33333333334,269095.0,-1.2263327077797803,744,98.9247311827957,100.0,True,-1.2263327077797803,36,Stable,Weekend-Oriented,37,Medium Footfall,Stable Location Signal,Monitor
2026-08-01,21,Matched,311366,418.502688172043,744,155-161 Russell Street,Bourke155_T,-37.81267313,144.96788288,Outdoor,A,193116,118250,37.97781389104784,False,314471.0,-0.9873724445179364,301435.6666666667,291685.0,6.747347309597683,744,100.0,100.0,True,6.747347309597683,16,Moderate Growth,Balanced,34,Medium Footfall,Positive Location Signal,Medium Priority
2026-08-01,23,Matched,251471,338.4535666218035,743,Spencer St-Collins St (South),Col623_T,-37.81909256,144.95452748,Outdoor,A,199599,51872,20.62742821239825,False,255975.0,-1.75954683074519,244745.0,269869.0,-6.817381766709032,744,99.86559139784946,100.0,True,-6.817381766709032,50,Decline,Weekday-Oriented,39,Medium Footfall,Weakening Location Signal,Low Priority
2026-08-01,24,Matched,706368,949.4193548387096,744,Spencer St-Collins St (North),Col620_T,-37.81887963,144.95449198,Outdoor,A,541439,164929,23.348877638851132,False,663257.0,6.499893706361185,666158.0,686663.0,2.869675517684803,744,100.0,100.0,True,2.869675517684803,22,Stable,Weekday-Oriented,10,High Footfall,Stable Location Signal,Monitor
2026-08-01,25,Matched,457909,617.9608636977058,741,Melbourne Convention Exhibition Centre,MCEC_T,-37.82401776,144.95604426,Outdoor,A,250245,207664,45.35049540410868,False,447632.0,2.2958590985452334,441821.0,504385.0,-9.21438980144136,744,99.59677419354838,100.0,True,-9.21438980144136,58,Decline,Weekend-Oriented,18,High Footfall,Weakening Location Signal,Low Priority
2026-08-01,27,Matched,114429,154.00942126514133,743,QV Market-Peel St,Vic_T,-37.80606888,144.95644692,Outdoor,A,63356,51073,44.632916480962,False,113101.0,1.1741717579862248,109704.66666666667,122704.0,-6.743871430434216,744,99.86559139784946,97.17741935483872,True,-6.743871430434216,47,Decline,Weekend-Oriented,60,Lower Footfall,Weakening Location Signal,Low Priority
2026-08-01,29,Matched,179102,240.7284946236559,744,St Kilda Rd-Alexandra Gardens,AG_T,-37.8199817,144.96872865,Outdoor,A,96491,82611,46.12511306406405,False,163414.0,9.600156657324343,164443.0,191986.0,-6.7109060035627595,744,100.0,96.90860215053763,True,-6.7109060035627595,46,Decline,Weekend-Oriented,46,Lower Footfall,Weakening Location Signal,Low Priority
2026-08-01,30,Matched,311681,418.9260752688172,744,Lonsdale St (South),Lon189_T,-37.8112185,144.96656806,Outdoor,A,185231,126450,40.57032671224746,False,304913.0,2.219649539376806,305196.6666666667,312400.0,-0.23015364916773368,744,100.0,100.0,True,-0.23015364916773368,32,Stable,Weekend-Oriented,33,Medium Footfall,Stable Location Signal,Monitor
2026-08-01,31,Matched,153801,207.2789757412399,742,Lygon St (West),Lyg161_T,-37.80169681,144.96658911,Outdoor,A,86155,67646,43.98280895442813,False,145430.0,5.756033830708932,143744.66666666666,153871.0,-0.04549265293655075,744,99.73118279569893,99.32795698924731,True,-0.04549265293655075,30,Stable,Weekend-Oriented,52,Lower Footfall,Stable Location Signal,Monitor
2026-08-01,35,Matched,745300,1003.0955585464334,743,Southbank Promenade,SouthB_T,-37.82018685,144.96508508,Outdoor,A,475296,270004,36.22755937206494,False,770603.0,-3.283532506361901,725136.3333333334,834666.0,-10.706797689135534,744,99.86559139784946,100.0,True,-10.706797689135534,62,Decline,Balanced,9,High Footfall,Weakening Location Signal,Low Priority
2026-08-01,36,Matched,166862,227.6425648021828,733,Queen St (West),Que85_T,-37.81652527,144.96121062,Outdoor,A,120854,46008,27.572485047524303,False,182013.0,-8.32413069396142,170053.66666666666,168903.0,-1.2083858782851695,744,98.52150537634408,100.0,True,-1.2083858782851695,35,Stable,Weekday-Oriented,48,Lower Footfall,Stable Location Signal,Monitor
2026-08-01,40,Matched,156662,222.84779516358464,703,Lonsdale St-Spring St (West),Spr201_T,-37.80999341,144.97227587,Outdoor,A,120852,35810,22.85812768890988,False,166218.0,-5.749076513975623,161180.0,172036.0,-8.936501662442744,744,94.48924731182797,99.19354838709677,True,-8.936501662442744,54,Decline,Weekday-Oriented,51,Lower Footfall,Weakening Location Signal,Low Priority
2026-08-01,41,Matched,1029863,1386.0874831763122,743,Flinders La-Swanston St (West),Swa31,-37.81668634,144.96689733,Outdoor,A,675223,354640,34.43564823670721,False,1130800.0,-8.926158471878317,1079380.6666666667,1283608.0,-19.7681067740307,744,99.86559139784946,100.0,True,-19.7681067740307,71,Decline,Balanced,2,Very High Footfall,Weakening Location Signal,Low Priority
2026-08-01,42,Matched,172642,234.5679347826087,736,Grattan St-Swanston St (West),UM1_T,-37.80008566,144.96386412,Outdoor,A,144032,28610,16.571865478852192,False,122136.0,41.35226305102508,127800.66666666667,201202.0,-14.194689913619149,744,98.9247311827957,99.59677419354838,True,-14.194689913619149,67,Decline,Weekday-Oriented,47,Lower Footfall,Weakening Location Signal,Low Priority
2026-08-01,43,Matched,166666,230.52005532503455,723,Monash Rd-Swanston St (West),UM2_T,-37.79844526,144.96411782,Outdoor,A,137626,29040,17.424069696278785,False,98443.0,69.30203264833456,114254.66666666667,172468.0,-3.364102326228634,744,97.17741935483872,97.17741935483872,True,-3.364102326228634,41,Decline,Weekday-Oriented,49,Lower Footfall,Weakening Location Signal,Low Priority
2026-08-01,44,Matched,79157,111.6459802538787,709,Tin Alley-Swanston St (West),UM3_T,-37.79698741,144.96441306,Outdoor,A,61125,18032,22.78004472125017,False,53618.0,47.631392442836365,59522.666666666664,75652.0,4.633056627716385,744,95.29569892473118,93.01075268817203,True,4.633056627716385,19,Moderate Growth,Weekday-Oriented,66,Lower Footfall,Positive Location Signal,Medium Priority
2026-08-01,45,Matched,643499,864.9180107526881,744,Little Collins St-Swanston St (East),Swa148_T,-37.81414075,144.96609379,Outdoor,A,406030,237469,36.90277684969208,False,624350.0,3.067029710899335,600512.0,533816.0,20.546967494417554,744,100.0,99.86559139784946,True,20.546967494417554,3,Strong Growth,Balanced,11,High Footfall,Strong Location Signal,High Priority
2026-08-01,47,Matched,632777,850.5067204301075,744,Melbourne Central-Elizabeth St (East),Eli250_T,-37.81258467,144.9625775,Outdoor,A,398207,234570,37.06993142923968,False,638086.0,-0.8320195083421358,614478.6666666666,702950.0,-9.98264456931503,744,100.0,100.0,True,-9.98264456931503,61,Decline,Balanced,13,High Footfall,Weakening Location Signal,Low Priority
2026-08-01,49,Matched,313153,420.9045698924731,744,QVM-Therry St (South),Eli501_T,-37.80730068,144.95956055,Outdoor,A,190011,123142,39.323270094809885,False,300029.0,4.374243823097101,297401.3333333333,308600.0,1.4753726506804927,744,100.0,100.0,True,1.4753726506804927,26,Stable,Balanced,32,Medium Footfall,Stable Location Signal,Monitor
2026-08-01,50,Matched,180880,258.4,700,Faraday St-Lygon St (West),Lyg309_T,-37.79808192,144.96721013,Outdoor,A,107805,73075,40.39971251658558,False,171911.0,5.217234499246704,170706.0,155848.0,16.061803808839382,744,94.08602150537635,97.98387096774194,True,16.061803808839382,5,Strong Growth,Weekend-Oriented,45,Lower Footfall,Positive Location Signal,Medium Priority
2026-08-01,51,Matched,61168,82.4366576819407,742,QVM-Franklin St (North),Fra118_T,-37.80841815,144.95906316,Outdoor,A,36905,24263,39.66616531519749,False,58967.0,3.732596197873387,64834.333333333336,98153.0,-37.6809674691553,744,99.73118279569893,100.0,True,-37.6809674691553,75,Decline,Balanced,69,Lower Footfall,Weakening Location Signal,Low Priority
2026-08-01,52,Matched,285510,387.92119565217394,736,Elizabeth St-Lonsdale St (South),Eli263_T,-37.81252157,144.9619401,Outdoor,A,183349,102161,35.78193408286925,False,279153.0,2.277245811436739,269066.6666666667,279417.0,2.180611773800449,744,98.9247311827957,100.0,True,2.180611773800449,25,Stable,Balanced,36,Medium Footfall,Stable Location Signal,Monitor
2026-08-01,53,Matched,457819,616.1763122476447,743,Collins Street (North),Col254_T,-37.81564191,144.965499,Outdoor,A,318065,139754,30.52603758253808,False,473710.0,-3.354584028202909,450071.3333333333,393336.0,16.39387190595318,744,99.86559139784946,99.59677419354838,True,16.39387190595318,4,Strong Growth,Balanced,19,High Footfall,Strong Location Signal,High Priority
2026-08-01,54,Matched,142437,192.22267206477733,741,Lincoln-Swanston (West),Swa607_T,-37.804024,144.96308399,Outdoor,A,107934,34503,24.2233408454264,False,102003.0,39.64001058792388,113146.33333333333,183721.0,-22.471029441381223,744,99.59677419354838,100.0,True,-22.471029441381223,72,Decline,Weekday-Oriented,54,Lower Footfall,Weakening Location Signal,Low Priority
2026-08-01,56,Matched,348090,470.3918918918919,740,Lonsdale St - Elizabeth St (North),Lon364_T,-37.81234775,144.96153311,Outdoor,A,220401,127689,36.68275446005344,False,337645.0,3.093485761672763,331995.0,338138.0,2.9431770460581186,744,99.46236559139786,99.59677419354838,True,2.9431770460581186,21,Stable,Balanced,28,Medium Footfall,Stable Location Signal,Monitor
2026-08-01,58,Matched,486116,657.8024357239512,739,Bourke St - Spencer St (North),Bou688_T,-37.81686075,144.95358075,Outdoor,A,335388,150728,31.00659101942746,False,495214.0,-1.8371855399887727,473021.3333333333,521455.0,-6.776998974024605,744,99.32795698924731,100.0,True,-6.776998974024605,49,Decline,Balanced,16,High Footfall,Weakening Location Signal,Low Priority
2026-08-01,59,Matched,836761,1124.6787634408602,744,Building 80 RMIT,RMIT_T,-37.80825648,144.96304859,Outdoor,A,662905,173856,20.777258978370167,False,668527.0,25.16487740958854,662284.6666666666,844501.0,-0.916517564810462,744,100.0,100.0,True,-0.916517564810462,34,Stable,Weekday-Oriented,5,Very High Footfall,Stable Location Signal,Monitor
2026-08-01,61,Matched,441838,593.8682795698925,744,RMIT Building 14,RMIT14_T,-37.80767455,144.96309114,Outdoor,A,333825,108013,24.44629026928422,False,371185.0,19.034443740991687,366857.6666666667,418269.0,5.634890465226924,744,100.0,100.0,True,5.634890465226924,18,Moderate Growth,Weekday-Oriented,21,High Footfall,Positive Location Signal,Medium Priority
2026-08-01,62,Matched,227415,305.6653225806452,744,La Trobe St (North),Lat224_T,-37.80996494,144.96216521,Outdoor,A,148900,78515,34.52498735791394,False,191919.0,18.495302705829022,198843.33333333334,250163.0,-9.093271187185954,744,100.0,100.0,True,-9.093271187185954,55,Decline,Balanced,42,Medium Footfall,Weakening Location Signal,Low Priority
2026-08-01,63,Matched,351623,473.24764468371467,743,231 Bourke St,Bou231_T,-37.81333081,144.96675571,Outdoor,A,223122,128501,36.54510654877525,False,366606.0,-4.086948931550493,345579.0,274805.0,27.953639853714453,744,99.86559139784946,99.32795698924731,True,27.953639853714453,1,Strong Growth,Balanced,27,Medium Footfall,Positive Location Signal,Medium Priority
2026-08-01,66,Matched,1009191,1356.4395161290322,744,"QV2 Apartments, 300 Swanston Street",QVN_T,-37.81057846,144.96444294,Outdoor,A,660853,348338,34.516558312549364,False,938279.0,7.55766674944233,920923.3333333334,948688.0,6.377544566812271,744,100.0,100.0,True,6.377544566812271,17,Moderate Growth,Balanced,3,Very High Footfall,Positive Location Signal,Medium Priority
2026-08-01,67,Matched,376501,514.3456284153006,732,Flinders Ln -Degraves St (South),FLDegS_T,-37.81688755,144.96562569,Outdoor,A,263725,112776,29.95370530224356,False,380332.0,-1.0072778519819527,368293.6666666667,366317.0,2.7801057553976474,744,98.38709677419355,99.86559139784946,True,2.7801057553976474,23,Stable,Weekday-Oriented,25,Medium Footfall,Stable Location Signal,Monitor
2026-08-01,68,Matched,230230,319.3203883495146,721,Flinders Ln -Degraves St (North),FLDegN_T,-37.8168479,144.96559789,Outdoor,A,156701,73529,31.937193241541067,False,234315.0,-1.7433796385207947,223049.66666666666,215285.0,6.941960656803772,744,96.90860215053763,93.68279569892472,True,6.941960656803772,14,Moderate Growth,Balanced,40,Medium Footfall,Positive Location Signal,Medium Priority
2026-08-01,69,Matched,181489,253.47625698324023,716,Flinders Ln -Degraves St (Crossing),FLDegC_T,-37.81687226,144.96559144,Outdoor,A,121901,59588,32.832843863815434,False,189426.0,-4.190026712278145,178601.0,165068.0,9.948021421474786,744,96.23655913978494,95.96774193548387,True,9.948021421474786,11,Moderate Growth,Balanced,44,Lower Footfall,Positive Location Signal,Medium Priority
2026-08-01,70,Matched,118716,165.11265646731573,719,Errol Street (East),Errol20_T,-37.80456984,144.94946228,Outdoor,A,78340,40376,34.010579871289465,False,118545.0,0.1442490193597368,117542.66666666667,116078.0,2.2726097968607317,744,96.63978494623656,96.90860215053763,True,2.2726097968607317,24,Stable,Balanced,59,Lower Footfall,Stable Location Signal,Monitor
2026-08-01,71,Matched,18458,25.88779803646564,713,Westwood Place,WestWP_T,-37.81235775,144.97136962,Outdoor,A,15747,2711,14.687398418030122,False,19037.0,-3.041445605925303,18112.666666666668,18192.0,1.4621811785400176,744,95.83333333333334,97.71505376344086,True,1.4621811785400176,27,Stable,Weekday-Oriented,75,Lower Footfall,Stable Location Signal,Monitor
2026-08-01,72,Matched,165338,227.7382920110193,726,Flinders St- ACMI,ACMI_T,-37.81726338,144.96872809,Outdoor,A,110070,55268,33.427282294451366,False,180204.0,-8.24953941088988,176388.0,213995.0,-22.73744713661534,744,97.58064516129032,99.59677419354838,True,-22.73744713661534,73,Decline,Balanced,50,Lower Footfall,Weakening Location Signal,Low Priority
2026-08-01,75,Matched,42825,60.57284299858557,707,Spring St- Flinders st (West),SprFli_T,-37.81515276,144.97467661,Outdoor,A,30265,12560,29.328663164039696,False,44707.0,-4.20963160131523,42487.0,47152.0,-9.176705123854767,744,95.02688172043011,93.95161290322581,True,-9.176705123854767,57,Decline,Weekday-Oriented,72,Lower Footfall,Weakening Location Signal,Low Priority
2026-08-01,77,Matched,146071,199.8235294117647,731,Harbour Esplanade (West) - Pedestrian path,HarEsP_T,-37.81441438,144.94433026,Outdoor,A,81994,64077,43.8670235707293,False,188432.0,-22.480788825677166,153298.0,132537.0,10.21148811275342,744,98.25268817204301,99.19354838709677,True,10.21148811275342,10,Strong Growth,Weekend-Oriented,53,Lower Footfall,Positive Location Signal,Medium Priority
2026-08-01,79,Matched,331679,445.8051075268817,744,Flinders St (South),FliSS_T,-37.81794046,144.96616678,Outdoor,A,210132,121547,36.64597396880719,False,344156.0,-3.625390811143784,330161.0,385483.0,-13.957554548449608,744,100.0,100.0,True,-13.957554548449608,65,Decline,Balanced,29,Medium Footfall,Weakening Location Signal,Low Priority
2026-08-01,84,Matched,750458,1008.6801075268816,744,Elizabeth St - Flinders St (East) - New footpath,ElFi_T,-37.81798049,144.96503383,Outdoor,A,510110,240348,32.02684227498408,False,777769.0,-3.511453914979898,753456.6666666666,870501.0,-13.790104778742357,744,100.0,100.0,True,-13.790104778742357,64,Decline,Balanced,8,Very High Footfall,Weakening Location Signal,Low Priority
2026-08-01,85,Matched,71472,105.88444444444444,675,Macaulay Rd (North),488Mac_T,-37.79432415,144.92973378,Outdoor,A,48121,23351,32.67153570629058,False,70413.0,1.5039836393847725,69250.33333333333,64059.0,11.57214442935419,744,90.7258064516129,91.12903225806451,True,11.57214442935419,7,Strong Growth,Balanced,67,Lower Footfall,Positive Location Signal,Medium Priority
2026-08-01,87,Matched,80247,112.5483870967742,713,Errol St (West),Errol23_T,-37.80454949,144.94921863,Outdoor,A,53847,26400,32.898426109387266,False,79438.0,1.0184042901382209,77605.66666666667,86405.0,-7.126902378334588,744,95.83333333333334,97.17741935483872,True,-7.126902378334588,52,Decline,Balanced,65,Lower Footfall,Weakening Location Signal,Low Priority
2026-08-01,107,Matched,111666,151.3089430894309,738,Royal Mint 280 William St,280Will_T,-37.81246271,144.95690188,Outdoor,A,81409,30257,27.09598266258306,False,112052.0,-0.34448291864491487,109243.0,122916.0,-9.152592014058381,744,99.19354838709677,99.86559139784946,True,-9.152592014058381,56,Decline,Weekday-Oriented,61,Lower Footfall,Weakening Location Signal,Low Priority
2026-08-01,109,Matched,139802,188.66666666666663,741,La Trobe St- William St (South),LatWill_T,-37.81193681,144.95621105,Outdoor,A,111886,27916,19.968240797699604,False,137719.0,1.5125000907645278,133885.0,135396.0,3.2541581730627196,744,99.59677419354838,99.86559139784946,True,3.2541581730627196,20,Moderate Growth,Weekday-Oriented,57,Lower Footfall,Positive Location Signal,Medium Priority
2026-08-01,117,Matched,140558,192.0191256830601,732,114 Flinders Street Car Park Footpath,Fli114F_T,-37.81629332,144.97090877,Outdoor,A,97556,43002,30.59377623472161,False,146711.0,-4.193959553135075,140874.66666666666,171693.0,-18.134111466396416,744,98.38709677419355,99.46236559139786,True,-18.134111466396416,70,Decline,Balanced,56,Lower Footfall,Weakening Location Signal,Low Priority
2026-08-01,131,Matched,106567,143.23521505376343,744,I-Hub Corner of King Street and Flinders Street (2-6 King),King2_T,-37.82009057,144.95758725,Outdoor,A,66955,39612,37.17098163596611,False,110429.0,-3.497269738927274,105566.33333333333,121375.0,-12.20020597322348,744,100.0,100.0,True,-12.20020597322348,63,Decline,Balanced,62,Lower Footfall,Weakening Location Signal,Low Priority
2026-08-01,132,Matched,140669,189.07123655913975,744,I-Hub Corner of King Street and Latrobe Street (317-335 King),King335_T,-37.81267639,144.95386444,Outdoor,A,94418,46251,32.879312428466825,False,134953.0,4.235548672500797,131306.33333333334,128633.0,9.356852440664525,744,100.0,100.0,True,9.356852440664525,12,Moderate Growth,Balanced,55,Lower Footfall,Positive Location Signal,Medium Priority
2026-08-01,133,Matched,456014,612.9220430107526,744,I-Hub Southern Cross Station - Lonsdale Street Entrance - South,Spen229_T,-37.81531435,144.95227769,Outdoor,A,317965,138049,30.27297407535733,False,460393.0,-0.9511439140039053,441484.3333333333,456293.0,-0.0611449222319869,744,100.0,100.0,True,-0.0611449222319869,31,Stable,Balanced,20,High Footfall,Stable Location Signal,Monitor
2026-08-01,134,Matched,324954,436.7661290322581,744,I-Hub Southern Cross Station - Bourke Street Entrance - North,Spen201_T,-37.81694221,144.95303935,Outdoor,A,217532,107422,33.057601999052174,False,335728.0,-3.2091454987370724,319478.3333333333,377694.0,-13.963684887766286,744,100.0,100.0,True,-13.963684887766286,66,Decline,Balanced,30,Medium Footfall,Weakening Location Signal,Low Priority
2026-08-01,135,Matched,318693,428.3508064516129,744,I-Hub Southern Cross Station - Bourke Street Entrance - South,Spen161_T,-37.8172861,144.95319102,Outdoor,A,204444,114249,35.84923421600098,False,315147.0,1.1251891974221555,303840.0,326492.0,-2.3887262168751455,744,100.0,100.0,True,-2.3887262168751455,40,Stable,Balanced,31,Medium Footfall,Stable Location Signal,Monitor
2026-08-01,139,Matched,53504,74.62203626220362,717,COM Pole 1647 - Sandridge Bridge Signal Box,Signal1647_T,-37.81959923,144.9632832,Outdoor,A,40049,13455,25.14765251196172,False,53085.0,0.7893001789582745,51115.333333333336,57388.0,-6.7679654283125394,744,96.37096774193549,94.48924731182797,True,-6.7679654283125394,48,Decline,Weekday-Oriented,71,Lower Footfall,Weakening Location Signal,Low Priority
2026-08-01,141,Matched,139615,187.65456989247312,744,Awning of Nationwide Parking 474 Flinders Street,474Fl_T,-37.81997273,144.95834911,Outdoor,A,86691,52924,37.9071016724564,False,145627.0,-4.128355318725236,138497.33333333334,122538.0,13.936085132775139,744,100.0,100.0,True,13.936085132775139,6,Strong Growth,Balanced,58,Lower Footfall,Positive Location Signal,Medium Priority
2026-08-01,143,Matched,227928,306.35483870967744,744,"Mounted on Toilet - Spencer Street, Batman Park",Spencer_T,-37.821728,144.95557015,Outdoor,A,129260,98668,43.2891088413885,False,235957.0,-3.4027386345817248,229601.0,188129.0,21.155164807127026,744,100.0,100.0,True,21.155164807127026,2,Strong Growth,Weekend-Oriented,41,Medium Footfall,Positive Location Signal,Medium Priority
2026-08-01,162,Matched,417526,561.1908602150538,744,iHub 489 Elizabeth Street,Eli489_T,-37.80740397,144.95987909,Outdoor,A,251061,166465,39.86937340429099,False,391746.0,6.58079469860573,386895.3333333333,378498.0,10.311283018668526,744,100.0,100.0,True,10.311283018668526,9,Strong Growth,Balanced,23,High Footfall,Strong Location Signal,High Priority
2026-08-01,164,Matched,97869,132.9741847826087,736,I-Hub 526 La Trobe Street (Footpath),Lat526_T,-37.813005,144.95160411,Outdoor,A,66533,31336,32.01831019015214,False,94845.0,3.188359955717223,91250.33333333333,91227.0,7.280739254825875,744,98.9247311827957,99.05913978494624,True,7.280739254825875,13,Moderate Growth,Balanced,63,Lower Footfall,Positive Location Signal,Medium Priority
2026-08-01,166,Matched,38621,55.01566951566952,702,484 Spencer Street,Spen484_T,-37.80896733,144.94931703,Outdoor,A,25313,13308,34.45793739157453,False,38621.0,0.0,37532.666666666664,40344.0,-4.270771366250248,744,94.35483870967742,91.26344086021506,True,-4.270771366250248,42,Decline,Balanced,73,Lower Footfall,Weakening Location Signal,Low Priority
2026-08-01,167,Matched,32186,44.88981868898187,717,I-Hub 526 La Trobe Street (Crossing),Lat526_T,-37.81304149,144.95155955,Outdoor,A,21624,10562,32.81550984900267,False,23869.0,34.84435879173824,22651.333333333332,43058.0,-25.24966324492545,744,96.37096774193549,97.58064516129032,True,-25.24966324492545,74,Decline,Balanced,74,Lower Footfall,Weakening Location Signal,Low Priority
2026-08-01,179,Matched,53542,73.04502046384721,733,61-67 Power Street Southbank,Pow61_T,-37.82392385,144.96299677,Outdoor,A,35663,17879,33.39247693399574,False,52953.0,1.112307140294223,51764.0,54535.0,-1.8208489960575776,744,98.52150537634408,99.05913978494624,True,-1.8208489960575776,39,Stable,Balanced,70,Lower Footfall,Stable Location Signal,Monitor
2026-08-01,181,Matched,782069,1051.168010752688,744,368 Elizabeth Street,Eli368_T,-37.81009465,144.96143149,Outdoor,A,506751,275318,35.20379915327164,False,727459.0,7.506952281846813,716971.0,793111.0,-1.392238917377265,744,100.0,100.0,True,-1.392238917377265,37,Stable,Balanced,7,Very High Footfall,Stable Location Signal,Monitor
2026-08-01,182,Matched,220470,296.3306451612903,744,163 King Street,King163_T,-37.81627451,144.95550503,Outdoor,A,143266,77204,35.01791626978728,False,227095.0,-2.917281313987538,216170.66666666666,221373.0,-0.40790882356926994,744,100.0,100.0,True,-0.40790882356926994,33,Stable,Balanced,43,Medium Footfall,Stable Location Signal,Monitor
2026-08-01,184,Matched,614095,825.3965053763441,744,124 Elizabeth Street,Eli124_T,-37.81512416,144.96371988,Outdoor,A,398903,215192,35.042135174525114,False,642423.0,-4.409555697725642,608846.3333333334,677502.0,-9.358939161803212,744,100.0,100.0,True,-9.358939161803212,59,Decline,Balanced,14,High Footfall,Weakening Location Signal,Low Priority
2026-08-01,185,Matched,550936,740.505376344086,744,197 Elizabeth Street,Eli197_T,-37.81374643,144.96276183,Outdoor,A,366451,184485,33.48574063049065,False,557533.0,-1.183248345837825,537256.0,546096.0,0.8862910550525914,744,100.0,100.0,True,0.8862910550525914,29,Stable,Balanced,15,High Footfall,Stable Location Signal,Monitor
2026-08-01,209,Matched,431298,579.7016129032259,744,Flinders Underpass - Walkway,FliS_T,-37.81909037,144.96549709,Outdoor,A,280836,150462,34.885856182963984,False,440489.0,-2.086544726429037,422980.6666666667,511423.0,-15.667070116126963,744,100.0,100.0,True,-15.667070116126963,68,Decline,Balanced,22,High Footfall,Weakening Location Signal,Low Priority
